sta,dis,azm,pha,wet,ptt,res,eid,ort,lat,lon,dep,mag,nst,dmn,gap,rms,erh,erz
,,,,,,,1,2012-08-14 12:10:18.509,38.487,46.785,2.729,2.300,12.000,7.000,94.000,0.080,0.141,0.000
,,,,,,,4,2012-08-14 12:34:10.392,38.559,46.729,17.740,2.700,12.000,7.000,95.000,0.090,0.224,-0.100
,,,,,,,5,2012-08-14 13:58:41.259,38.165,46.684,0.000,2.000,12.000,6.000,89.000,0.100,0.224,-0.100
,,,,,,,8,2012-08-14 17:05:17.855,38.387,46.523,0.000,1.900,12.000,7.000,94.000,0.100,0.200,-0.100
,,,,,,,12,2012-08-14 18:42:57.733,38.495,46.936,0.000,1.900,13.000,10.000,63.000,0.090,0.200,0.000
,,,,,,,18,2012-08-14 21:11:55.097,38.531,46.860,11.918,1.200,13.000,4.000,95.000,0.100,0.200,0.000
,,,,,,,27,2012-08-14 22:37:18.959,38.470,46.811,6.158,1.500,13.000,9.000,78.000,0.100,0.200,-0.100
,,,,,,,32,2012-08-14 23:12:01.670,38.533,46.686,8.049,1.600,13.000,5.000,87.000,0.090,0.200,-0.100
,,,,,,,33,2012-08-14 23:26:52.187,38.438,46.656,15.925,1.200,12.000,6.000,94.000,0.080,0.200,0.000
,,,,,,,34,2012-08-14 23:33:32.284,38.449,46.522,6.994,2.100,14.000,7.000,95.000,0.100,0.200,-0.100
,,,,,,,35,2012-08-14 23:34:16.092,38.409,46.749,5.296,1.200,13.000,6.000,84.000,0.090,0.200,0.000
,,,,,,,37,2012-08-14 23:42:05.359,38.294,46.730,21.930,1.600,13.000,6.000,85.000,0.090,0.200,-0.100
,,,,,,,39,2012-08-14 23:56:13.041,38.334,46.706,0.000,1.100,12.000,3.000,81.000,0.080,0.200,0.000
,,,,,,,40,2012-08-15 00:30:25.122,38.438,46.864,0.000,1.100,12.000,10.000,73.000,0.090,0.200,-0.100
,,,,,,,44,2012-08-15 01:12:32.728,38.342,46.768,0.000,0.000,14.000,6.000,86.000,0.100,0.200,-0.000
,,,,,,,45,2012-08-15 01:13:31.872,38.495,46.774,0.000,1.300,13.000,6.000,92.000,0.090,0.200,0.000
,,,,,,,46,2012-08-15 01:15:32.094,38.537,46.777,0.000,1.600,13.000,1.000,76.000,0.100,0.200,0.000
,,,,,,,47,2012-08-15 01:16:30.006,38.569,46.996,2.857,0.800,13.000,9.000,63.000,0.090,0.200,0.000
,,,,,,,48,2012-08-15 01:19:01.392,38.405,46.738,0.730,1.300,13.000,9.000,69.000,0.090,0.200,0.000
,,,,,,,51,2012-08-15 01:32:21.905,38.538,46.860,0.000,1.900,13.000,6.000,95.000,0.090,0.200,0.000
,,,,,,,56,2012-08-15 02:04:37.798,38.311,46.485,11.828,1.800,13.000,6.000,89.000,0.100,0.200,-0.100
,,,,,,,59,2012-08-15 02:27:22.049,38.326,46.737,16.288,1.800,13.000,4.000,82.000,0.080,0.200,-0.100
,,,,,,,60,2012-08-15 02:39:11.708,38.411,46.856,21.498,2.000,14.000,10.000,73.000,0.090,0.200,-0.100
,,,,,,,63,2012-08-15 02:53:43.377,38.437,46.716,4.103,1.500,12.000,4.000,99.000,0.100,0.200,-0.100
,,,,,,,65,2012-08-15 03:44:30.491,38.257,46.591,13.222,0.000,12.000,5.000,90.000,0.080,0.200,0.000
,,,,,,,73,2012-08-15 06:13:54.422,38.257,46.773,0.000,1.900,13.000,5.000,98.000,0.090,0.200,0.000
,,,,,,,74,2012-08-15 06:25:10.541,38.440,46.739,12.022,2.600,13.000,5.000,95.000,0.090,0.200,0.000
,,,,,,,76,2012-08-15 07:12:14.074,38.314,46.648,0.000,2.500,12.000,9.000,88.000,0.090,0.200,-0.000
,,,,,,,77,2012-08-15 09:03:23.617,38.504,46.716,13.298,1.600,12.000,12.000,84.000,0.100,0.200,-0.100
,,,,,,,80,2012-08-15 09:25:49.082,38.439,46.846,6.092,2.200,15.000,7.000,88.000,0.090,0.200,0.000
,,,,,,,81,2012-08-15 10:00:34.872,38.451,46.704,22.974,2.600,17.000,2.000,71.000,0.100,0.200,0.000
,,,,,,,83,2012-08-15 10:53:24.653,38.412,46.615,12.254,2.400,15.000,6.000,89.000,0.100,0.224,-0.100
,,,,,,,84,2012-08-15 10:56:56.952,38.490,46.676,15.929,2.900,17.000,3.000,83.000,0.090,0.200,-0.100
,,,,,,,85,2012-08-15 11:23:43.842,38.384,46.788,0.000,1.900,13.000,6.000,92.000,0.080,0.224,-0.100
,,,,,,,87,2012-08-15 11:39:28.983,38.485,46.548,0.000,2.000,15.000,5.000,78.000,0.080,0.224,-0.100
,,,,,,,88,2012-08-15 12:03:56.688,38.338,46.768,12.397,1.600,14.000,6.000,84.000,0.090,0.200,0.000
,,,,,,,89,2012-08-15 13:19:00.839,38.416,46.810,0.000,2.200,19.000,2.000,62.000,0.090,0.200,-0.100
,,,,,,,96,2012-08-15 14:20:41.315,38.351,46.729,13.810,1.600,14.000,3.000,78.000,0.090,0.200,0.000
,,,,,,,101,2012-08-15 16:01:21.232,38.457,46.565,8.132,1.600,12.000,6.000,97.000,0.100,0.200,-0.100
,,,,,,,104,2012-08-15 16:37:20.799,38.396,46.696,6.193,2.200,14.000,7.000,87.000,0.100,0.200,-0.100
,,,,,,,111,2012-08-15 19:59:43.514,38.312,46.625,13.375,1.600,14.000,6.000,61.000,0.090,0.200,-0.100
,,,,,,,115,2012-08-15 20:38:42.800,38.590,46.871,15.267,1.800,16.000,3.000,74.000,0.080,0.200,0.000
,,,,,,,117,2012-08-15 20:41:15.941,38.369,46.739,8.850,1.200,13.000,5.000,75.000,0.090,0.141,-0.100
,,,,,,,119,2012-08-15 20:54:02.913,38.413,46.757,1.759,1.300,14.000,1.000,81.000,0.090,0.200,0.000
,,,,,,,122,2012-08-15 21:02:49.754,38.432,46.727,22.393,2.500,15.000,6.000,61.000,0.100,0.224,-0.000
,,,,,,,123,2012-08-15 21:14:04.494,38.589,46.826,11.655,1.200,16.000,0.000,85.000,0.100,0.200,0.000
